{"stat.craftItem.simplecoins.goldcoin_item":28,"stat.walkOneCm":10104,"achievement.openInventory":34,"stat.leaveGame":7,"stat.craftItem.simplecoins.ironcoin_item":316,"stat.flyOneCm":2227,"stat.jump":22,"stat.playOneMinute":19994,"stat.pickup.minecraft.iron_ingot":6,"stat.craftItem.minecraft.gold_ingot":1,"stat.damageDealt":66,"stat.pickup.minecraft.redstone":1,"stat.timeSinceDeath":19994,"stat.craftItem.minecraft.iron_ingot":3,"stat.sprintOneCm":3122,"stat.useItem.minecraft.stone_slab2":4,"achievement.exploreAllBiomes":{"value":0,"progress":["Plains"]},"stat.craftingTableInteraction":7}